City_ID,City,Country,Date,Lat,Lng,Max Temp,Humidity,Cloudiness,Wind Speed
0,Vaini,TO,2022-03-11 19:57:37,-21.2,-175.2,75.36,88,75,5.75
1,Victoria,HK,2022-03-11 19:52:57,22.2855,114.1577,70.25,88,5,4.0
2,Nikolskoye,RU,2022-03-11 19:57:38,59.7035,30.7861,34.88,97,100,4.72
3,Santa Cecilia,BR,2022-03-11 19:57:38,-26.9608,-50.4269,63.27,99,100,4.61
4,Balangir,IN,2022-03-11 19:57:39,20.7167,83.4833,72.57,35,0,2.48
5,Khakhea,BW,2022-03-11 19:57:39,-24.6895,23.494,75.02,48,53,7.92
6,Puerto Ayora,EC,2022-03-11 19:57:40,-0.7393,-90.3518,85.96,87,99,4.0
7,Loudeac,FR,2022-03-11 19:56:30,48.1783,-2.7543,46.47,93,80,13.27
8,Santa Rosa,PH,2022-03-11 19:57:41,14.3122,121.1114,82.38,84,100,4.56
9,Saint-Philippe,RE,2022-03-11 19:57:41,-21.3585,55.7679,78.39,83,45,10.11
10,Dunyapur,PK,2022-03-11 19:57:41,29.7995,71.7196,71.47,34,5,6.02
11,Thompson,CA,2022-03-11 19:57:42,55.7435,-97.8558,-2.04,50,20,8.05
12,Longonjo,AO,2022-03-11 19:57:42,-12.9067,15.2533,66.18,90,100,1.34
13,Noshiro,JP,2022-03-11 19:57:43,40.2039,140.0242,40.5,63,60,13.87
14,East London,ZA,2022-03-11 19:55:33,-33.0153,27.9116,75.47,87,1,19.35
15,Kontagora,NG,2022-03-11 19:57:43,10.3999,5.4695,90.41,14,100,3.51
16,Ushuaia,AR,2022-03-11 19:56:04,-54.8,-68.3,53.22,50,20,20.71
17,Carnarvon,AU,2022-03-11 19:57:44,-24.8667,113.6333,73.47,88,75,0.0
18,Cape Town,ZA,2022-03-11 19:57:45,-33.9258,18.4232,77.41,69,0,2.3
19,Jamestown,US,2022-03-11 19:53:46,42.097,-79.2353,49.51,39,100,11.5
20,Mataura,NZ,2022-03-11 19:57:45,-46.1927,168.8643,55.47,93,100,11.48
21,Vila Franca Do Campo,PT,2022-03-11 19:57:46,37.7167,-25.4333,63.19,91,100,19.17
22,Port Alfred,ZA,2022-03-11 19:57:46,-33.5906,26.891,74.84,89,22,19.91
23,Krasnoselkup,RU,2022-03-11 19:57:47,65.7,82.4667,-22.36,100,100,6.4
24,Albany,US,2022-03-11 19:53:29,42.6001,-73.9662,50.59,63,99,1.99
25,Laguna,US,2022-03-11 19:57:48,38.421,-121.4238,69.08,33,0,6.91
26,Eureka,US,2022-03-11 19:57:48,40.8021,-124.1637,67.19,70,9,4.0
27,Tuktoyaktuk,CA,2022-03-11 19:57:48,69.4541,-133.0374,-4.0,77,100,11.5
28,Buluang,PH,2022-03-11 19:57:49,13.3068,123.3425,74.48,94,98,2.3
29,Baker City,US,2022-03-11 19:57:49,44.7749,-117.8344,38.59,52,67,4.07
30,Port Keats,AU,2022-03-11 19:57:50,-14.25,129.55,75.99,93,100,8.23
31,Eyl,SO,2022-03-11 19:57:50,7.9803,49.8164,76.3,73,99,13.15
32,Georgetown,MY,2022-03-11 19:55:57,5.4112,100.3354,82.33,93,20,5.01
33,Hilo,US,2022-03-11 19:55:58,19.7297,-155.09,78.62,78,10,4.0
34,Pangai,TO,2022-03-11 19:57:51,-19.8,-174.35,78.91,83,100,6.91
35,Kibre Mengist,ET,2022-03-11 19:57:52,5.8833,38.9833,59.97,46,99,1.66
36,Pitkyaranta,RU,2022-03-11 19:57:52,61.5734,31.4792,32.49,94,100,4.97
37,Bengkulu,ID,2022-03-11 19:57:53,-3.8004,102.2655,75.33,90,100,3.42
38,Palmer,US,2022-03-11 19:54:30,42.1584,-72.3287,53.85,38,75,11.5
39,Constitucion,CL,2022-03-11 19:57:54,-35.3333,-72.4167,68.86,56,0,7.16
40,Airai,TL,2022-03-11 19:57:55,-8.9266,125.4092,60.17,94,68,1.48
41,Guanambi,BR,2022-03-11 19:57:55,-14.2233,-42.7814,87.67,42,89,8.01
42,Majene,ID,2022-03-11 19:57:57,-3.5403,118.9707,78.82,89,99,3.06
43,Bangangte,CM,2022-03-11 19:57:57,5.1409,10.5198,66.49,88,69,4.03
44,Tura,IN,2022-03-11 19:57:58,25.5198,90.2201,68.23,26,18,1.54
45,Kedrovyy,RU,2022-03-11 19:57:58,56.1667,91.8167,-10.14,100,100,1.57
46,Lorengau,PG,2022-03-11 19:57:59,-2.0226,147.2712,80.44,77,100,3.02
47,Mount Gambier,AU,2022-03-11 19:55:48,-37.8333,140.7667,44.51,93,0,4.61
48,Avera,US,2022-03-11 19:58:00,33.194,-82.5271,56.37,89,100,7.76
49,Boyolangu,ID,2022-03-11 19:59:00,-8.1181,111.8935,74.7,94,100,4.25
50,Leningradskiy,RU,2022-03-11 19:59:01,69.3833,178.4167,2.59,71,2,2.71
51,Ogdensburg,US,2022-03-11 19:54:31,44.6942,-75.4863,41.45,67,20,5.75
52,Zhelyabovka,UA,2022-03-11 19:59:01,45.3988,34.7578,30.65,96,100,13.04
53,Lengshuijiang,CN,2022-03-11 19:59:02,27.6881,111.4294,68.22,82,95,1.92
54,Aloleng,PH,2022-03-11 19:59:03,16.1307,119.7824,78.08,77,100,3.15
55,Provideniya,RU,2022-03-11 19:59:03,64.3833,-173.3,20.32,49,0,12.15
56,Broken Hill,AU,2022-03-11 19:59:03,-31.95,141.4333,56.91,44,62,3.44
57,Bibiani,GH,2022-03-11 19:59:04,6.4635,-2.3194,80.8,72,87,6.38
58,Pirai Do Sul,BR,2022-03-11 19:59:04,-24.5261,-49.9486,70.88,96,51,5.5
59,Hasaki,JP,2022-03-11 19:59:05,35.7333,140.8333,45.0,59,1,9.46
60,Lincoln,US,2022-03-11 19:58:12,40.8,-96.667,33.3,45,23,10.0
61,Adrar,MR,2022-03-11 19:59:06,20.5022,-10.0711,72.91,8,0,11.83
62,Cidreira,BR,2022-03-11 19:59:07,-30.1811,-50.2056,69.22,90,100,17.4
63,Bredasdorp,ZA,2022-03-11 19:59:03,-34.5322,20.0403,70.92,88,100,5.75
64,Arraial Do Cabo,BR,2022-03-11 19:59:08,-22.9661,-42.0278,87.76,58,0,18.41
65,Rikitea,PF,2022-03-11 19:59:08,-23.1203,-134.9692,77.81,71,7,3.13
66,Qaanaaq,GL,2022-03-11 19:59:09,77.484,-69.3632,-9.99,74,36,5.23
67,Prince George,CA,2022-03-11 19:59:09,53.9166,-122.753,31.44,86,75,21.85
68,Busselton,AU,2022-03-11 19:58:00,-33.65,115.3333,67.37,78,27,3.83
69,Amsterdam,NL,2022-03-11 19:54:18,52.374,4.8897,53.91,44,0,14.97
70,Kodiak,US,2022-03-11 19:59:10,57.79,-152.4072,38.71,93,100,3.44
71,Kavieng,PG,2022-03-11 19:59:11,-2.5744,150.7967,81.32,76,100,6.78
72,Ribeira Grande,PT,2022-03-11 19:59:11,38.5167,-28.7,61.2,94,75,20.71
73,Mahon,ES,2022-03-11 19:59:12,39.8885,4.2658,54.16,94,20,5.75
74,Pemangkat,ID,2022-03-11 19:57:32,1.1667,108.9667,78.28,79,17,4.23
75,Bilma,NE,2022-03-11 19:59:13,18.6853,12.9164,75.76,22,8,8.7
76,Vilyuysk,RU,2022-03-11 19:59:13,63.7553,121.6247,-18.81,100,100,2.89
77,Lompoc,US,2022-03-11 19:56:18,34.6391,-120.4579,76.01,24,0,6.91
78,Floro,NO,2022-03-11 19:59:14,61.5996,5.0328,49.96,32,0,13.8
79,Geraldton,AU,2022-03-11 19:59:15,-28.7667,114.6,68.41,88,12,1.14
80,Grindavik,IS,2022-03-11 19:59:15,63.8424,-22.4338,39.15,87,40,17.27
81,Pisco,PE,2022-03-11 19:55:02,-13.7,-76.2167,80.65,57,0,9.22
82,Esperance,AU,2022-03-11 19:59:16,-33.8667,121.9,66.04,70,99,12.37
83,Chalmette,US,2022-03-11 19:59:16,29.9427,-89.9634,73.99,79,75,6.91
84,Guerrero Negro,MX,2022-03-11 19:55:59,27.9769,-114.0611,72.16,17,0,17.81
85,Mahebourg,MU,2022-03-11 19:59:17,-20.4081,57.7,79.09,89,75,6.91
86,Axim,GH,2022-03-11 19:59:18,4.8699,-2.2405,81.9,80,45,7.67
87,Hithadhoo,MV,2022-03-11 19:59:18,-0.6,73.0833,82.56,58,27,3.15
88,Qasigiannguit,GL,2022-03-11 19:59:19,68.8193,-51.1922,-4.77,97,100,3.18
89,Emmett,US,2022-03-11 19:59:19,43.8735,-116.4993,49.39,31,98,4.52
90,Port Lincoln,AU,2022-03-11 19:59:20,-34.7333,135.8667,63.52,76,0,13.89
91,Khash,IR,2022-03-11 19:59:20,28.2211,61.2158,67.03,38,61,7.61
92,Klaksvik,FO,2022-03-11 20:00:23,62.2266,-6.589,45.52,87,100,38.83
93,Hailar,CN,2022-03-11 20:00:25,49.2,119.7,11.05,82,100,11.65
94,Mar Del Plata,AR,2022-03-11 20:00:26,-38.0023,-57.5575,62.87,72,69,15.01
95,Bluff,NZ,2022-03-11 20:00:27,-46.6,168.3333,55.8,84,100,27.36
96,Roald,NO,2022-03-11 20:00:28,62.5833,6.1333,46.54,42,0,13.8
97,Peto,MX,2022-03-11 20:00:28,20.1333,-88.9167,98.55,23,4,6.93
98,Aketi,CD,2022-03-11 20:00:29,2.7388,23.7833,69.89,99,100,3.8
99,Chokurdakh,RU,2022-03-11 20:00:30,70.6333,147.9167,-13.25,98,100,6.85
100,Parnarama,BR,2022-03-11 20:00:30,-5.6817,-43.0933,80.29,90,92,2.37
101,Alta Floresta,BR,2022-03-11 20:00:31,-9.8756,-56.0861,81.91,87,61,1.92
102,Koupela,BF,2022-03-11 20:00:32,12.1794,-0.3517,93.33,10,18,7.45
103,Yangjiang,CN,2022-03-11 20:00:33,21.85,111.9667,66.33,88,63,2.68
104,Puerto Morazan,NI,2022-03-11 20:00:34,12.8504,-87.1717,97.72,29,63,8.37
105,Hambantota,LK,2022-03-11 20:00:34,6.1241,81.1185,78.53,81,30,5.57
106,Samarai,PG,2022-03-11 20:00:35,-10.6167,150.6667,82.6,77,94,10.94
107,Noumea,NC,2022-03-11 20:00:35,-22.2763,166.4572,80.01,99,1,6.08
108,Kualakapuas,ID,2022-03-11 20:00:36,-3.0091,114.3876,75.76,94,100,2.53
109,Srednekolymsk,RU,2022-03-11 20:00:37,67.45,153.6833,-12.95,100,100,4.92
110,Deputatskiy,RU,2022-03-11 20:00:19,69.3,139.9,-11.18,96,100,5.08
111,Krasnoarmeysk,RU,2022-03-11 20:00:38,51.0239,45.6969,10.74,96,98,11.16
112,Oistins,BB,2022-03-11 20:00:38,13.0667,-59.5333,78.89,70,11,19.69
113,Vestmannaeyjar,IS,2022-03-11 20:00:39,63.4427,-20.2734,42.94,69,100,15.35
114,Portland,US,2022-03-11 19:56:14,45.5234,-122.6762,56.95,49,100,3.0
115,Pangnirtung,CA,2022-03-11 20:00:40,66.1451,-65.7125,-15.43,99,100,4.07
116,Hermanus,ZA,2022-03-11 20:00:40,-34.4187,19.2345,77.81,76,99,4.63
117,Padang,ID,2022-03-11 20:00:41,-0.9492,100.3543,76.89,86,86,3.51
118,Batticaloa,LK,2022-03-11 20:00:42,7.7102,81.6924,78.19,83,98,5.1
119,Metkovic,HR,2022-03-11 20:00:43,43.0542,17.6483,34.07,58,0,6.15
120,Atuona,PF,2022-03-11 20:00:43,-9.8,-139.0333,77.61,81,99,17.18
121,Honiara,SB,2022-03-11 20:00:44,-9.4333,159.95,77.61,88,97,0.72
122,Orebro,SE,2022-03-11 20:00:44,59.2741,15.2066,30.92,43,0,2.3
123,Nampula,MZ,2022-03-11 19:58:33,-15.1165,39.2666,69.03,98,100,17.56
124,Ichinohe,JP,2022-03-11 20:00:45,40.2069,141.3017,36.57,83,26,9.17
125,Cherskiy,RU,2022-03-11 20:00:46,68.75,161.3,-9.85,82,1,3.02
126,Mazamari,PE,2022-03-11 20:00:46,-11.3258,-74.5308,79.81,73,100,1.25
127,Yellowknife,CA,2022-03-11 20:00:47,62.456,-114.3525,1.42,85,100,3.44
128,Kaitangata,NZ,2022-03-11 20:00:47,-46.2817,169.8464,55.94,80,100,16.87
129,Udachnyy,RU,2022-03-11 20:00:48,66.4167,112.4,-15.68,100,100,4.45
130,Tasiilaq,GL,2022-03-11 20:00:49,65.6145,-37.6368,33.96,86,100,23.44
131,Saldanha,ZA,2022-03-11 20:00:49,-33.0117,17.9442,71.6,76,95,4.56
132,Cap Malheureux,MU,2022-03-11 20:00:50,-19.9842,57.6142,77.47,87,9,14.56
133,Les Cayes,HT,2022-03-11 20:00:51,18.2,-73.75,83.89,60,0,12.44
134,Tecoanapa,MX,2022-03-11 20:00:51,16.5167,-98.75,85.37,51,17,11.01
135,Ivanivka,UA,2022-03-11 20:00:52,46.7208,34.553,25.74,75,100,15.12
136,Iqaluit,CA,2022-03-11 20:00:53,63.7506,-68.5145,-18.13,86,32,5.12
137,Dudinka,RU,2022-03-11 20:01:53,69.4058,86.1778,-22.22,100,85,7.87
138,Okhotsk,RU,2022-03-11 20:01:54,59.3833,143.3,6.91,82,94,16.06
139,Punta Arenas,CL,2022-03-11 19:59:38,-53.15,-70.9167,53.62,62,40,11.5
140,Mansa,IN,2022-03-11 20:01:54,29.9833,75.3833,62.35,30,0,5.08
141,Saskylakh,RU,2022-03-11 20:01:55,71.9167,114.0833,-19.61,99,100,3.96
142,Ternate,ID,2022-03-11 20:01:55,0.8,127.4,80.74,81,99,4.09
143,Zhigansk,RU,2022-03-11 20:01:56,66.7697,123.3711,-6.23,99,100,5.35
144,Lebu,CL,2022-03-11 20:01:56,-37.6167,-73.65,63.86,71,0,17.27
145,Souillac,MU,2022-03-11 20:01:57,-20.5167,57.5167,78.73,85,82,11.7
146,Kozelsk,RU,2022-03-11 20:01:57,54.0375,35.7716,13.28,94,47,4.47
147,Faanui,PF,2022-03-11 20:01:58,-16.4833,-151.75,81.61,70,19,10.63
148,Sechura,PE,2022-03-11 20:01:58,-5.5569,-80.8222,84.45,52,11,16.67
149,Yar-Sale,RU,2022-03-11 20:01:59,66.8333,70.8333,-7.4,100,65,11.14
150,Barrow,US,2022-03-11 20:01:59,71.2906,-156.7887,-0.38,92,100,0.0
151,New Norfolk,AU,2022-03-11 20:02:00,-42.7826,147.0587,52.72,73,10,3.04
152,Lavrentiya,RU,2022-03-11 20:02:00,65.5833,-171.0,8.78,72,1,8.68
153,Isangel,VU,2022-03-11 20:02:01,-19.55,169.2667,79.36,80,7,2.59
154,Sao Filipe,CV,2022-03-11 20:02:03,14.8961,-24.4956,73.9,65,47,11.41
155,Lebedyan,RU,2022-03-11 20:02:04,53.0194,39.1664,-2.07,100,78,3.67
156,Khatanga,RU,2022-03-11 20:02:04,71.9667,102.5,-31.56,100,89,5.03
157,Komsomolskiy,UZ,2022-03-11 20:01:35,40.4272,71.7189,50.72,87,75,2.3
158,Taoudenni,ML,2022-03-11 20:02:05,22.6783,-3.9836,75.16,12,0,10.92
159,Bambous Virieux,MU,2022-03-11 20:02:05,-20.3428,57.7575,77.22,84,46,12.24
160,Birobidzhan,RU,2022-03-11 20:02:06,48.8,132.95,1.9,97,19,3.6
161,Ilulissat,GL,2022-03-11 20:02:07,69.2167,-51.1,6.82,56,75,2.3
162,Hamilton,US,2022-03-11 19:58:27,39.1834,-84.5333,53.67,64,100,5.99
163,High Level,CA,2022-03-11 20:00:13,58.5169,-117.136,12.54,90,100,6.73
164,Torbay,CA,2022-03-11 20:02:08,47.6666,-52.7314,37.76,63,100,10.0
165,Hervey Bay,AU,2022-03-11 20:02:08,-25.2986,152.8535,75.02,74,85,17.63
166,Atliaca,MX,2022-03-11 20:02:09,17.65,-99.3667,87.98,15,93,0.63
167,Cabo San Lucas,MX,2022-03-11 19:57:56,22.8909,-109.9124,80.62,68,3,5.01
168,Tripoli,LY,2022-03-11 20:00:14,32.8752,13.1875,56.93,52,0,10.98
169,Mabay,PH,2022-03-11 20:02:09,6.0577,124.4666,79.05,82,90,4.0
170,Barstow,US,2022-03-11 20:01:50,34.8986,-117.0228,61.16,9,0,7.0
171,Vangaindrano,MG,2022-03-11 20:02:10,-23.35,47.6,74.3,91,71,3.13
172,Konstantinovka,RU,2022-03-11 20:02:11,49.6167,127.9833,0.9,93,13,3.71
173,Dunedin,NZ,2022-03-11 20:01:42,-45.8742,170.5036,57.79,75,100,7.0
174,Sao Joao Da Barra,BR,2022-03-11 20:02:11,-21.6403,-41.0511,80.2,80,0,15.41
175,Naze,JP,2022-03-11 20:02:12,28.3667,129.4833,58.57,67,0,3.13
176,Zhezkazgan,KZ,2022-03-11 20:01:07,47.8043,67.7144,31.23,97,100,5.64
177,Ostrovnoy,RU,2022-03-11 20:02:13,68.0531,39.5131,31.69,83,100,18.34
178,Kapaa,US,2022-03-11 20:02:13,22.0752,-159.319,79.12,72,22,5.99
179,Ghoti,IN,2022-03-11 20:01:16,19.7168,73.6245,73.56,44,0,3.91
180,Salalah,OM,2022-03-11 20:03:14,17.0151,54.0924,74.16,47,0,2.3
181,Igarka,RU,2022-03-11 20:03:15,67.4667,86.5833,-20.85,100,99,5.99
182,Half Moon Bay,US,2022-03-11 20:03:15,37.4636,-122.4286,74.05,34,0,3.44
183,Blagoyevo,RU,2022-03-11 20:03:16,63.3667,47.9167,20.25,96,99,5.57
184,San Juan,AR,2022-03-11 20:00:13,-31.5375,-68.5364,80.35,23,9,7.81
185,Mocuba,MZ,2022-03-11 20:03:17,-16.8392,36.9856,72.55,99,100,7.2
186,Jacareacanga,BR,2022-03-11 20:03:17,-6.2222,-57.7528,82.0,90,94,2.46
187,Leshukonskoye,RU,2022-03-11 20:03:18,64.8989,45.7622,27.34,96,98,6.71
188,Nanortalik,GL,2022-03-11 20:03:18,60.1432,-45.2371,15.01,76,90,27.6
189,Winchester,GB,2022-03-11 20:03:19,51.0651,-1.3187,49.68,89,40,8.05
190,Taylorville,US,2022-03-11 20:03:19,39.5489,-89.2945,30.87,69,0,10.36
191,Pevek,RU,2022-03-11 20:03:20,69.7008,170.3133,-5.22,80,1,3.04
192,Kruisfontein,ZA,2022-03-11 20:02:54,-34.0033,24.7314,72.59,77,53,11.41
193,Dingle,PH,2022-03-11 20:03:21,10.9995,122.6711,75.85,92,95,5.01
194,Meulaboh,ID,2022-03-11 20:03:21,4.1363,96.1285,76.91,90,94,4.36
195,Hobart,AU,2022-03-11 20:00:11,-42.8794,147.3294,53.06,84,0,1.14
196,Rocha,UY,2022-03-11 19:59:26,-34.4833,-54.3333,69.01,51,35,15.55
197,Bonthe,SL,2022-03-11 20:03:22,7.5264,-12.505,78.58,81,88,9.84
198,Asandh,IN,2022-03-11 20:03:23,29.5167,76.6,62.06,28,0,7.11
199,Port Elizabeth,ZA,2022-03-11 20:03:23,-33.918,25.5701,73.8,86,25,11.7
200,Mount Isa,AU,2022-03-11 20:03:24,-20.7333,139.5,82.17,23,4,8.05
201,Sitka,US,2022-03-11 19:59:11,57.0531,-135.33,35.49,87,100,9.22
202,Begun,IN,2022-03-11 20:03:25,24.9833,75.0,70.63,27,0,2.71
203,Bilibino,RU,2022-03-11 20:03:25,68.0546,166.4372,-3.08,68,0,4.34
204,Mananjary,MG,2022-03-11 20:03:26,-21.2167,48.3333,75.67,89,100,2.39
205,Sola,VU,2022-03-11 20:03:27,-13.8833,167.55,81.91,75,100,8.97
206,Kodinsk,RU,2022-03-11 20:03:27,58.6881,99.1844,-7.98,100,100,1.57
207,Verkhnevilyuysk,RU,2022-03-11 20:03:28,63.4453,120.3167,-21.03,100,100,0.83
208,Castro,BR,2022-03-11 20:01:31,-24.7911,-50.0119,71.49,91,76,8.68
209,Bulgan,MN,2022-03-11 20:03:28,48.8125,103.5347,17.92,79,100,4.23
210,Sao Jose Da Coroa Grande,BR,2022-03-11 20:03:29,-8.8978,-35.1478,81.68,67,56,7.7
211,Progreso,MX,2022-03-11 20:03:30,21.2833,-89.6667,98.71,39,3,3.09
212,Saint-Pierre,RE,2022-03-11 20:02:22,-21.3393,55.4781,78.48,77,0,13.8
213,Czluchow,PL,2022-03-11 20:03:31,53.6672,17.3588,30.06,52,8,11.99
214,Nemuro,JP,2022-03-11 20:03:31,43.3236,145.575,34.09,96,100,11.74
215,Katherine,AU,2022-03-11 20:03:32,-14.4667,132.2667,75.52,94,100,3.44
216,Talcahuano,CL,2022-03-11 20:03:32,-36.7167,-73.1167,65.97,66,0,10.02
217,Mandali,IQ,2022-03-11 20:03:33,33.7499,45.5541,58.5,46,62,14.58
218,Gamba,GA,2022-03-11 20:03:33,-2.65,10.0,77.31,90,98,9.01
219,Mahibadhoo,MV,2022-03-11 20:03:34,3.7833,72.9667,82.09,71,0,5.64
220,Xicotencatl,MX,2022-03-11 20:03:34,23.0167,-98.8833,100.11,14,0,9.71
221,Soyo,AO,2022-03-11 20:03:37,-6.1349,12.3689,81.05,84,100,9.08
222,Neryungri,RU,2022-03-11 20:03:37,56.6709,124.6491,-10.08,99,100,3.02
223,Bandarbeyla,SO,2022-03-11 20:03:38,9.4942,50.8122,78.06,67,87,10.78
224,Libreville,GA,2022-03-11 20:03:38,0.3925,9.4537,80.49,81,100,6.62
225,Te Anau,NZ,2022-03-11 20:03:39,-45.4167,167.7167,53.53,90,100,4.41
226,Henties Bay,NA,2022-03-11 20:03:39,-22.116,14.2845,67.53,83,61,6.96
227,Matamoros,MX,2022-03-11 20:00:00,25.5333,-103.25,78.58,6,0,7.14
228,Vao,NC,2022-03-11 20:04:40,-22.6667,167.4833,79.25,74,29,11.32
229,Shizunai,JP,2022-03-11 20:04:40,42.3339,142.3669,36.7,89,44,17.67
230,Avarua,CK,2022-03-11 20:04:41,-21.2078,-159.775,78.85,89,100,9.22
231,Morrope,PE,2022-03-11 20:04:41,-6.5417,-80.0111,82.51,47,14,15.01
232,Severo-Kurilsk,RU,2022-03-11 20:04:42,50.6789,156.125,30.78,91,100,4.63
233,Pagudpud,PH,2022-03-11 20:04:42,18.5616,120.7868,75.72,91,55,14.0
234,Ponta Do Sol,PT,2022-03-11 20:04:43,32.6667,-17.1,63.72,61,99,2.57
235,Tinskoy,RU,2022-03-11 20:04:43,56.1525,96.9161,-5.28,100,100,2.37
236,Northam,GB,2022-03-11 20:04:44,51.0333,-4.2167,48.38,91,98,14.56
237,Saint George,US,2022-03-11 20:04:44,37.1041,-113.5841,54.79,14,0,4.61
238,Oudtshoorn,ZA,2022-03-11 20:04:44,-33.5907,22.2014,73.74,83,100,1.32
239,Praia,CV,2022-03-11 20:04:45,14.9215,-23.5087,72.14,73,20,23.02
240,Dikson,RU,2022-03-11 20:04:45,73.5069,80.5464,-2.69,94,100,23.69
241,Adre,TD,2022-03-11 20:04:46,13.4667,22.2,79.11,16,99,15.95
242,Dakar,SN,2022-03-11 20:04:46,14.6937,-17.4441,86.88,66,0,14.14
243,Elko,US,2022-03-11 20:00:45,41.0002,-115.5012,38.73,33,11,14.0
244,Enid,US,2022-03-11 20:04:47,36.3956,-97.8784,38.01,44,100,16.11
245,Nouadhibou,MR,2022-03-11 20:04:47,20.931,-17.0347,67.32,68,0,26.26
246,Atbasar,KZ,2022-03-11 20:04:48,51.8,68.3333,8.78,90,100,17.58
247,Kurya,RU,2022-03-11 20:04:48,51.6003,82.2888,8.55,93,100,12.8
248,Khorixas,NA,2022-03-11 20:04:49,-20.3667,14.9667,77.32,57,58,9.78
249,Tiksi,RU,2022-03-11 20:04:49,71.6872,128.8694,-9.31,94,100,8.52
250,Mareeba,AU,2022-03-11 20:04:50,-17.0,145.4333,75.92,94,79,2.89
251,Necochea,AR,2022-03-11 20:00:15,-38.5473,-58.7368,63.07,54,13,17.83
252,La Ronge,CA,2022-03-11 20:00:23,55.1001,-105.2842,7.77,74,100,7.29
253,Skibbereen,IE,2022-03-11 20:04:51,51.55,-9.2667,46.11,77,100,10.69
254,Beringovskiy,RU,2022-03-11 20:04:51,63.05,179.3167,1.33,86,5,10.71
255,Kijang,KR,2022-03-11 20:04:52,35.2442,129.2139,54.61,86,2,3.87
256,Erdenet,MN,2022-03-11 20:04:52,49.0333,104.0833,11.48,89,97,1.77
257,Nortelandia,BR,2022-03-11 20:04:53,-14.4547,-56.8028,80.87,88,86,3.58
258,Opuwo,NA,2022-03-11 20:04:53,-18.0607,13.84,74.68,66,94,6.02
259,Beyneu,KZ,2022-03-11 20:04:54,45.3167,55.2,41.38,79,100,10.49
260,Prince Rupert,CA,2022-03-11 20:00:17,54.3161,-130.3201,41.09,93,100,10.36
261,Luderitz,NA,2022-03-11 20:04:54,-26.6481,15.1594,71.51,72,4,4.76
262,Tommot,RU,2022-03-11 20:03:58,58.9564,126.2925,0.88,98,100,1.74
263,Tuatapere,NZ,2022-03-11 20:04:55,-46.1333,167.6833,55.42,86,99,11.27
264,Wellington,NZ,2022-03-11 20:04:56,-41.2866,174.7756,65.07,90,100,19.57
265,Louis Trichardt,ZA,2022-03-11 20:02:39,-23.0439,29.9032,68.56,70,34,9.22
266,Minsk,BY,2022-03-11 20:02:09,53.9,27.5667,28.15,71,100,7.52
267,Saint-Georges,GD,2022-03-11 20:04:55,12.0564,-61.7485,83.88,61,20,20.71
268,Korla,CN,2022-03-11 20:04:57,41.7597,86.1469,49.35,31,49,1.99
269,Roma,US,2022-03-11 20:04:57,43.2128,-75.4557,49.68,62,100,8.05
270,Port Macquarie,AU,2022-03-11 20:00:12,-31.4333,152.9167,61.9,75,49,1.9
271,Umea,SE,2022-03-11 20:04:58,63.8284,20.2597,31.91,100,0,4.61
272,Butaritari,KI,2022-03-11 20:04:59,3.0707,172.7902,79.86,82,99,18.03
273,Tautira,PF,2022-03-11 20:04:59,-17.7333,-149.15,80.46,70,34,9.64
274,Namatanai,PG,2022-03-11 20:04:02,-3.6667,152.4333,79.9,75,100,5.7
275,Wagar,SD,2022-03-11 20:05:00,16.1525,36.2032,74.1,59,56,20.87
276,Nome,US,2022-03-11 20:06:01,64.5011,-165.4064,28.47,31,0,12.66
277,Ekhabi,RU,2022-03-11 20:06:01,53.5102,142.9671,11.39,96,100,6.98
278,Barcelos,PT,2022-03-11 20:01:15,41.5388,-8.6151,52.84,76,7,2.62
279,Salamanca,ES,2022-03-11 20:02:07,40.8333,-6.0,44.38,88,100,8.1
280,Raga,SS,2022-03-11 20:06:02,8.4596,25.678,81.9,20,67,4.59
281,Vila,PT,2022-03-11 20:06:03,42.0304,-8.1588,36.48,88,34,3.76
282,General Roca,AR,2022-03-11 20:06:03,-39.0333,-67.5833,78.67,21,0,10.31
283,Vostok,RU,2022-03-11 20:06:04,46.4856,135.8833,14.86,96,94,4.45
284,Nichinan,JP,2022-03-11 20:06:04,31.6,131.3667,54.41,88,0,4.59
285,Pitimbu,BR,2022-03-11 20:06:05,-7.4706,-34.8086,84.79,66,50,10.45
286,Haines Junction,CA,2022-03-11 20:06:05,60.7522,-137.5108,25.25,90,100,2.59
287,Fortuna,US,2022-03-11 20:04:16,40.5982,-124.1573,66.92,52,0,9.22
288,Roebourne,AU,2022-03-11 20:06:06,-20.7833,117.1333,85.37,53,4,6.89
289,Vanimo,PG,2022-03-11 20:06:07,-2.6741,141.3028,76.96,87,100,2.64
290,Beloha,MG,2022-03-11 20:06:08,-25.1667,45.05,74.75,84,21,16.6
291,Saint-Joseph,RE,2022-03-11 20:06:08,-21.3667,55.6167,77.38,82,23,11.12
292,Hofn,IS,2022-03-11 20:01:12,64.2539,-15.2082,40.35,92,100,9.4
293,Kahului,US,2022-03-11 20:06:09,20.8947,-156.47,84.22,62,20,21.85
294,Aquiraz,BR,2022-03-11 20:06:10,-3.9014,-38.3911,81.05,81,100,10.04
295,Inta,RU,2022-03-11 20:06:03,66.0317,60.1659,13.64,82,100,22.57
296,Brownsville,US,2022-03-11 20:06:11,25.9018,-97.4975,84.2,73,75,3.44
297,Makakilo City,US,2022-03-11 20:06:11,21.3469,-158.0858,82.72,56,0,14.97
298,Gat,IL,2022-03-11 20:01:12,31.61,34.7642,52.48,100,100,11.92
299,Upernavik,GL,2022-03-11 20:06:12,72.7868,-56.1549,-11.94,99,53,8.03
300,Pundaguitan,PH,2022-03-11 20:06:13,6.3711,126.1689,82.2,77,100,6.76
301,Kayerkan,RU,2022-03-11 20:06:13,69.3497,87.7602,-24.84,98,98,6.53
302,Isiro,CD,2022-03-11 20:06:14,2.7739,27.616,68.56,88,97,3.44
303,Fernie,CA,2022-03-11 20:04:53,49.5,-115.0687,27.16,88,100,5.86
304,Frederikshavn,DK,2022-03-11 20:06:15,57.4407,10.5366,38.23,64,0,23.4
305,Coihaique,CL,2022-03-11 20:01:47,-45.5752,-72.0662,69.67,52,37,8.9
306,Alugan,PH,2022-03-11 20:06:16,12.2188,125.4808,79.09,86,97,3.6
307,Mariental,NA,2022-03-11 20:06:16,-24.6333,17.9667,82.06,35,10,12.59
308,Lazaro Cardenas,MX,2022-03-11 20:06:17,17.9583,-102.2,83.59,46,83,13.2
309,Aksehir,TR,2022-03-11 20:06:17,38.3575,31.4164,15.08,85,73,8.28
310,San Jose,US,2022-03-11 20:04:56,37.3394,-121.895,73.53,17,20,4.61
311,Katsuura,JP,2022-03-11 20:06:18,35.1333,140.3,54.48,67,0,10.47
312,Ahipara,NZ,2022-03-11 20:06:19,-35.1667,173.1667,66.42,76,8,5.1
313,Pauini,BR,2022-03-11 20:06:19,-7.7136,-66.9764,88.05,59,87,2.59
314,Nordby,DK,2022-03-11 20:06:20,55.446,8.3979,39.43,56,2,17.27
315,Nanakuli,US,2022-03-11 20:06:20,21.3906,-158.1547,84.15,54,0,11.5
316,Sangar,RU,2022-03-11 20:06:21,63.9242,127.4739,-11.7,98,100,2.24
317,Gopamau,IN,2022-03-11 20:06:21,27.55,80.2833,64.8,39,0,7.99
318,Kefamenanu,ID,2022-03-11 20:06:22,-9.4467,124.4781,72.19,94,57,2.51
319,Praia Da Vitoria,PT,2022-03-11 20:06:23,38.7333,-27.0667,61.75,97,100,17.83
320,Jiuquan,CN,2022-03-11 20:06:23,39.7432,98.5174,42.55,30,72,3.87
321,Lake City,US,2022-03-11 20:03:34,30.1897,-82.6393,68.67,100,100,6.91
322,Olafsvik,IS,2022-03-11 20:06:24,64.8945,-23.7142,40.46,75,48,23.91
323,Norman Wells,CA,2022-03-11 20:07:25,65.282,-126.8329,-9.27,90,96,6.53
324,Manjacaze,MZ,2022-03-11 20:07:25,-24.7117,33.8828,72.39,95,10,4.79
325,Lasa,IT,2022-03-11 20:07:26,46.6166,10.7002,36.7,98,100,3.87
326,Fort Walton Beach,US,2022-03-11 20:07:26,30.4058,-86.6188,74.66,90,100,11.5
327,Aden,YE,2022-03-11 20:07:27,12.7794,45.0367,77.58,73,100,14.47
328,Mankera,PK,2022-03-11 20:07:27,31.3866,71.4407,75.4,36,58,3.15
329,Narsaq,GL,2022-03-11 20:07:28,60.9167,-46.05,8.82,80,98,1.39
330,Lakhnadon,IN,2022-03-11 20:07:28,22.6,79.6,71.4,28,1,3.0
331,Zhengjiatun,CN,2022-03-11 20:07:29,43.5064,123.5064,33.96,38,77,4.92
332,Garissa,KE,2022-03-11 20:07:29,-0.4536,39.6401,82.69,54,39,15.46
333,Storforshei,NO,2022-03-11 20:07:30,66.4043,14.5233,29.98,92,20,1.14
334,Codrington,AU,2022-03-11 20:07:30,-38.2667,141.9667,48.52,87,5,5.91
335,Tiznit,MA,2022-03-11 20:06:29,29.5833,-9.5,56.46,71,100,6.8
336,Kaeo,NZ,2022-03-11 20:07:31,-35.1,173.7833,66.33,89,13,1.9
337,College,US,2022-03-11 20:07:31,64.8569,-147.8028,15.48,48,20,6.91
338,Kalmunai,LK,2022-03-11 20:07:32,7.4167,81.8167,77.0,87,97,5.91
339,Jijiga,ET,2022-03-11 20:07:32,9.35,42.8,67.1,61,79,3.13
340,San Quintin,MX,2022-03-11 20:07:33,30.4833,-115.95,63.97,39,24,6.4
341,Pasighat,IN,2022-03-11 20:07:33,28.0667,95.3333,69.57,40,2,3.96
342,Taltal,CL,2022-03-11 20:07:34,-25.4,-70.4833,69.51,69,24,5.68
343,Ulety,RU,2022-03-11 20:07:34,51.3572,112.4849,15.96,95,100,5.44
344,Brus Laguna,HN,2022-03-11 20:07:34,15.75,-84.4833,91.18,36,0,8.41
345,San Cristobal,VE,2022-03-11 20:07:35,7.7669,-72.225,75.38,79,83,3.04
346,Tuy Hoa,VN,2022-03-11 20:07:36,13.0833,109.3,70.63,90,100,5.77
347,Suntar,RU,2022-03-11 20:07:36,62.1444,117.6319,-6.65,100,100,2.51
348,Quatre Cocos,MU,2022-03-11 20:07:36,-20.2078,57.7625,77.09,85,44,12.35
349,Trelew,AR,2022-03-11 20:07:37,-43.249,-65.3051,79.66,21,0,7.27
350,Xai-Xai,MZ,2022-03-11 20:07:37,-25.0519,33.6442,75.87,88,16,9.31
351,San Roque,ES,2022-03-11 20:07:38,36.2107,-5.3842,55.74,92,100,7.09
352,Channel-Port Aux Basques,CA,2022-03-11 20:07:39,47.5702,-59.1367,28.67,64,100,11.48
353,Irbeyskoye,RU,2022-03-11 20:07:39,55.6428,95.4522,-6.75,99,100,1.92
354,Macau,MO,2022-03-11 20:07:40,22.2006,113.5461,69.6,94,20,1.14
355,Rawson,AR,2022-03-11 20:07:40,-43.3002,-65.1023,75.42,32,0,8.19
356,Hovd,MN,2022-03-11 20:07:40,48.0056,91.6419,18.73,70,100,3.04
357,Rabo De Peixe,PT,2022-03-11 20:07:41,37.8,-25.5833,62.28,89,75,25.32
358,Waterloo,CA,2022-03-11 20:07:41,43.4668,-80.5164,32.65,96,100,3.0
359,Rafai,CF,2022-03-11 20:07:42,4.95,23.9167,69.42,95,100,5.48
360,Alofi,NU,2022-03-11 20:07:42,-19.0595,-169.9187,81.46,76,95,13.18
361,Lata,PT,2022-03-11 20:07:43,40.1629,-8.3327,44.64,94,10,0.16
362,Aleksin,RU,2022-03-11 20:04:37,54.51,37.08,18.43,95,73,4.41
363,Mana,GF,2022-03-11 20:06:17,5.6592,-53.7767,79.54,81,96,9.93
364,Clyde River,CA,2022-03-11 20:07:44,70.4692,-68.5914,-18.65,89,50,1.03
365,Manzhouli,CN,2022-03-11 20:07:44,49.6,117.4333,19.38,57,100,13.98
366,Dolinsk,RU,2022-03-11 20:07:45,47.35,142.8,28.65,97,100,8.28
367,Beatrice,US,2022-03-11 20:07:46,40.2681,-96.747,34.88,43,0,19.57
368,Gornopravdinsk,RU,2022-03-11 20:08:47,60.05,69.9,-14.39,100,99,3.85
369,Sao Miguel Do Iguacu,BR,2022-03-11 20:07:09,-25.3481,-54.2378,70.68,89,100,3.15
370,Larap,PH,2022-03-11 20:08:48,14.299,122.6504,75.29,91,89,0.74
371,Olinda,BR,2022-03-11 20:08:48,-8.0089,-34.8553,83.93,70,20,6.91
372,Margate,GB,2022-03-11 20:08:49,51.3813,1.3862,50.88,81,100,5.99
373,Usinsk,RU,2022-03-11 20:08:49,65.9939,57.5281,13.69,94,100,25.41
374,Bethel,US,2022-03-11 20:06:29,41.3712,-73.414,54.9,46,0,9.22
375,Pandan,PH,2022-03-11 20:08:50,14.0453,124.1694,76.95,90,91,4.63
376,Chuy,UY,2022-03-11 20:08:51,-33.6971,-53.4616,68.58,55,68,13.65
377,Novovasylivka,UA,2022-03-11 20:08:51,46.8315,35.7536,26.29,75,100,13.58
378,Kristiansund,NO,2022-03-11 20:08:52,63.1115,7.732,47.05,34,0,8.05
379,Acarau,BR,2022-03-11 20:08:52,-2.8856,-40.12,75.65,93,100,11.27
380,Vicosa,BR,2022-03-11 20:08:53,-20.7539,-42.8819,76.23,80,2,5.57
381,Kapit,MY,2022-03-11 20:08:54,2.0167,112.9333,72.72,100,91,1.21
382,Ulaangom,MN,2022-03-11 20:05:09,49.9811,92.0667,8.29,89,100,5.44
383,Chingirlau,KZ,2022-03-11 20:08:55,51.095,54.0814,12.45,87,100,13.58
384,Petropavlovsk-Kamchatskiy,RU,2022-03-11 20:04:40,53.0452,158.6483,27.19,93,75,4.47
385,Xining,CN,2022-03-11 20:08:56,36.6167,101.7667,39.74,42,87,0.81
386,Benbrook,US,2022-03-11 20:08:56,32.6732,-97.4606,36.16,72,100,19.57
387,Biritiba-Mirim,BR,2022-03-11 20:08:57,-23.5698,-46.0407,80.78,70,100,5.21
388,Cooma,AU,2022-03-11 20:08:57,-36.2333,149.1333,44.37,100,40,0.0
389,Pontes E Lacerda,BR,2022-03-11 20:08:58,-15.2261,-59.3353,79.83,83,97,3.22
390,Solnechnyy,RU,2022-03-11 20:08:58,50.7214,136.6319,10.72,92,97,7.07
391,Saint-Cyr-Sur-Loire,FR,2022-03-11 20:08:59,47.4,0.6667,50.25,87,75,10.36
392,Vila Velha,BR,2022-03-11 20:06:18,-20.3297,-40.2925,85.95,75,20,16.11
393,Charters Towers,AU,2022-03-11 20:09:00,-20.1,146.2667,73.36,91,10,9.98
394,Gawler,AU,2022-03-11 20:09:01,-34.6,138.7333,64.47,55,0,6.55
395,Lethem,GY,2022-03-11 20:09:01,3.3803,-59.7968,91.17,45,93,11.86
396,Madras,IN,2022-03-11 20:06:31,13.0878,80.2785,79.97,84,20,2.3
397,Mehamn,NO,2022-03-11 20:09:02,71.0357,27.8492,32.38,74,85,13.18
398,Poronaysk,RU,2022-03-11 20:09:03,49.2167,143.1167,27.03,96,100,15.19
399,Garowe,SO,2022-03-11 20:09:04,8.4054,48.4845,71.04,69,84,13.49
400,Albertville,US,2022-03-11 20:09:04,34.2676,-86.2089,65.8,78,75,1.01
401,Ballina,AU,2022-03-11 20:09:05,-28.8667,153.5667,64.58,99,93,7.99
402,Maceio,BR,2022-03-11 20:09:05,-9.6658,-35.7353,83.64,65,20,12.66
403,Mirnyy,RU,2022-03-11 20:09:06,62.5353,113.9611,-17.61,100,100,2.48
404,San Rafael,AR,2022-03-11 20:06:27,-34.6177,-68.3301,73.92,29,3,10.27
405,Fujin,CN,2022-03-11 20:09:07,47.26,132.0322,15.39,89,18,8.48
406,Birjand,IR,2022-03-11 20:09:08,32.8663,59.2211,66.97,40,95,8.08
407,Cheremshan,RU,2022-03-11 20:09:08,54.6667,51.5,-6.66,100,73,4.23
408,Hit,IQ,2022-03-11 20:09:09,33.6416,42.8251,54.91,45,1,13.67
409,Marseille,FR,2022-03-11 20:08:24,43.3333,5.5,51.35,64,100,10.0
410,Taluya,PH,2022-03-11 20:09:10,5.8117,125.1728,79.36,80,89,6.24
411,Angoram,PG,2022-03-11 20:09:10,-4.0625,144.0661,72.75,99,100,2.17
412,Vazante,BR,2022-03-11 20:09:11,-17.9869,-46.9078,83.86,58,44,0.85
413,Antofagasta,CL,2022-03-11 20:10:12,-23.65,-70.4,69.08,70,5,8.08
414,Truth Or Consequences,US,2022-03-11 20:10:13,33.1284,-107.2528,47.91,36,0,8.05
415,Acari,PE,2022-03-11 20:10:14,-15.4311,-74.6158,84.0,54,15,11.12
416,Nelson Bay,AU,2022-03-11 20:10:14,-32.7167,152.15,64.0,97,28,1.01
417,Novo Aripuana,BR,2022-03-11 20:10:15,-5.1206,-60.3797,83.21,78,86,1.48
418,Surandai,IN,2022-03-11 20:10:16,8.9667,77.4,76.91,74,5,3.13
419,Magnor,SE,2022-03-11 20:10:17,59.9511,12.1996,27.21,89,1,1.12
420,Tavagnacco,IT,2022-03-11 20:10:17,46.1272,13.2132,42.37,57,26,1.99
421,San Vicente,AR,2022-03-11 20:10:18,-26.6167,-54.1333,65.5,99,100,4.76
422,Jizan,SA,2022-03-11 20:10:19,17.3333,42.6667,82.13,61,8,2.62
423,Ziro,IN,2022-03-11 20:10:20,27.6333,93.8333,47.71,62,0,2.35
424,Wanlaweyn,SO,2022-03-11 20:10:21,2.6185,44.8938,78.64,67,77,16.8
425,Dano,BF,2022-03-11 20:10:21,11.15,-3.0667,93.38,11,100,4.07
426,Atar,MR,2022-03-11 20:10:13,20.5169,-13.0499,77.94,6,0,9.08
427,Kudahuvadhoo,MV,2022-03-11 20:10:23,2.6708,72.8944,82.56,72,3,8.95
428,Arlit,NE,2022-03-11 20:10:23,18.7369,7.3853,77.77,14,2,15.14
429,Nechi,CO,2022-03-11 20:10:24,8.0942,-74.7757,91.36,50,49,2.84
430,Srandakan,ID,2022-03-11 20:10:25,-7.9386,110.2506,76.19,93,100,8.32
431,Yei,SS,2022-03-11 20:10:25,4.095,30.6779,79.65,42,88,1.88
432,Andenes,NO,2022-03-11 20:10:26,69.3143,16.1194,40.98,93,75,16.11
433,Guane,CU,2022-03-11 20:10:27,22.2025,-84.0875,86.38,50,1,13.2
434,Pouebo,NC,2022-03-11 20:10:28,-20.4,164.5667,79.2,79,12,2.77
435,Viedma,AR,2022-03-11 20:10:25,-40.8135,-62.9967,75.74,27,0,5.57
436,Mulchen,CL,2022-03-11 20:10:29,-37.7167,-72.2333,89.46,16,0,7.58
437,Kandiari,PK,2022-03-11 20:10:30,26.9156,68.5216,83.01,22,0,7.09
438,Cortez,US,2022-03-11 20:10:31,37.3489,-108.5859,41.04,25,0,16.11
439,Dunbar,US,2022-03-11 20:10:31,38.3606,-81.7374,66.49,43,40,11.5
440,Galveston,US,2022-03-11 20:10:32,29.3669,-94.9669,67.05,78,100,12.66
441,Jeremie,HT,2022-03-11 20:10:33,18.65,-74.1167,82.11,65,18,3.44
442,Sur,OM,2022-03-11 20:07:48,22.5667,59.5289,78.17,55,6,10.74
443,Forestville,US,2022-03-11 20:11:09,38.8451,-76.875,65.34,49,0,14.97
444,Mnogovershinnyy,RU,2022-03-11 20:11:09,53.9353,139.9242,5.25,84,100,3.4
445,Dubbo,AU,2022-03-11 20:11:10,-32.25,148.6167,59.13,88,72,10.36
446,Yeppoon,AU,2022-03-11 20:11:10,-23.1333,150.7333,73.18,76,30,20.33
447,Andrelandia,BR,2022-03-11 20:11:11,-21.7397,-44.3092,75.87,68,65,3.36
448,Aswan,EG,2022-03-11 20:11:11,24.0934,32.907,60.26,28,4,16.42
449,Shelburne,CA,2022-03-11 20:11:12,44.0787,-80.2041,32.23,75,100,7.87
450,Lakota,CI,2022-03-11 20:11:12,5.8528,-5.6883,77.74,84,59,7.2
451,Sioni,GE,2022-03-11 20:11:13,41.9895,45.0239,28.76,97,100,5.57
452,Evensk,RU,2022-03-11 20:11:13,61.95,159.2333,14.29,58,45,13.13
453,Kirkwall,GB,2022-03-11 20:11:14,58.9848,-2.9587,44.65,87,75,27.63
454,Cayenne,GF,2022-03-11 20:11:14,4.9333,-52.3333,83.08,57,75,12.66
455,Tessalit,ML,2022-03-11 20:11:15,20.1986,1.0114,77.27,13,0,11.63
456,Camapua,BR,2022-03-11 20:11:15,-19.5314,-54.0439,87.73,49,100,7.31
457,Aqtobe,KZ,2022-03-11 20:11:16,50.2797,57.2072,8.69,72,75,13.42
458,Lagoa,PT,2022-03-11 20:11:16,39.05,-27.9833,61.23,87,100,25.14
459,Cumberland,US,2022-03-11 20:08:04,35.0502,-78.8664,65.48,63,75,3.44
460,Houma,US,2022-03-11 20:11:17,29.5958,-90.7195,75.2,85,75,6.91
461,Hami,CN,2022-03-11 20:11:17,42.8,93.45,51.58,35,100,7.58
462,Emerald,AU,2022-03-11 20:12:18,-23.5333,148.1667,72.34,82,77,13.62
463,Shenjiamen,CN,2022-03-11 20:12:19,29.9576,122.298,55.33,94,22,10.29
464,Zhuhai,CN,2022-03-11 20:12:19,22.2769,113.5678,69.58,94,20,1.14
465,Richards Bay,ZA,2022-03-11 20:12:20,-28.783,32.0377,73.18,91,18,3.36
466,Waingapu,ID,2022-03-11 20:12:20,-9.6567,120.2641,78.73,86,44,3.78
467,Port Hedland,AU,2022-03-11 20:12:21,-20.3167,118.5667,80.65,65,5,6.91
468,Khanpur,PK,2022-03-11 20:12:21,28.6453,70.6567,77.05,25,0,4.83
469,Gimli,CA,2022-03-11 20:10:03,50.6336,-96.9907,-0.63,76,100,14.23
470,Camacha,PT,2022-03-11 20:12:22,33.0833,-16.3333,58.42,67,0,9.22
471,Arman,RU,2022-03-11 20:12:23,59.7,150.1667,10.02,86,99,5.75
472,Kota Kinabalu,MY,2022-03-11 20:12:23,5.9749,116.0724,75.18,100,40,5.01
473,Dajal,PK,2022-03-11 20:12:24,29.5577,70.3762,76.15,30,0,6.06
474,Adana,TR,2022-03-11 20:12:24,36.985,35.2881,44.62,49,0,11.5
475,Yenagoa,NG,2022-03-11 20:12:25,4.9247,6.2642,80.42,84,97,5.75
476,Hacari,CO,2022-03-11 20:12:25,8.3233,-73.1489,72.55,80,94,4.47
477,Puerto Carreno,CO,2022-03-11 20:12:25,6.189,-67.4859,96.19,36,100,10.18
478,Waipawa,NZ,2022-03-11 20:12:26,-41.4122,175.5153,62.15,77,55,9.69
479,Loikaw,MM,2022-03-11 20:12:26,19.6742,97.2094,71.85,51,91,2.89
480,Itanhaem,BR,2022-03-11 20:12:27,-24.1831,-46.7889,87.82,58,87,2.89
481,Porto Empedocle,IT,2022-03-11 20:12:27,37.2934,13.5264,44.31,81,9,7.43
482,Kashi,CN,2022-03-11 20:12:28,39.4547,75.9797,53.01,22,100,3.89
483,Beidao,CN,2022-03-11 20:12:28,34.5686,105.8933,55.51,76,99,3.09
484,Moengo,SR,2022-03-11 20:12:29,5.6167,-54.4,79.23,82,71,5.84
485,Copiapo,CL,2022-03-11 20:12:29,-27.3667,-70.3333,69.49,39,0,8.75
486,Skelleftea,SE,2022-03-11 20:12:30,64.7507,20.9528,34.0,66,79,4.61
487,Luangwa,ZM,2022-03-11 20:12:30,-15.6167,30.4167,72.66,87,23,2.35
488,Buraydah,SA,2022-03-11 20:09:12,26.326,43.975,69.03,22,94,11.23
489,Sendhwa,IN,2022-03-11 20:08:14,21.6833,75.1,78.12,31,1,3.44
490,Mucurapo,TT,2022-03-11 20:12:31,10.6667,-61.5333,85.01,75,61,15.26
491,Zhireken,RU,2022-03-11 20:12:31,52.8249,117.3076,7.0,90,100,4.12
492,Sovetskiy,RU,2022-03-11 20:12:32,61.3614,63.5842,-1.7,97,100,7.27
493,Ewa Beach,US,2022-03-11 20:12:32,21.3156,-158.0072,82.35,58,20,14.97
494,Galle,LK,2022-03-11 20:12:33,6.0367,80.217,75.81,91,100,2.95
495,Zapolyarnyy,RU,2022-03-11 20:12:33,69.4154,30.8136,27.68,98,38,6.26
496,Vardo,NO,2022-03-11 20:12:34,70.3705,31.1107,31.98,80,75,14.97
497,Kysyl-Syr,RU,2022-03-11 20:12:34,63.8986,122.7617,-16.71,100,100,2.35
498,Ghanzi,BW,2022-03-11 20:12:35,-21.5667,21.7833,72.16,35,0,7.85
499,Hualmay,PE,2022-03-11 20:12:35,-11.0964,-77.6139,76.71,71,51,9.37
500,Teahupoo,PF,2022-03-11 20:12:36,-17.8333,-149.2667,78.76,70,43,10.02
501,Saint-Francois,FR,2022-03-11 20:12:36,46.4154,3.9054,49.44,66,100,13.8
502,Harper,LR,2022-03-11 20:12:37,4.375,-7.7169,80.24,86,99,8.43
503,Asau,RO,2022-03-11 20:12:38,46.4333,26.4,23.92,92,100,8.05
504,Inuvik,CA,2022-03-11 20:12:38,68.3499,-133.7218,-10.44,77,75,3.44
505,Comodoro Rivadavia,AR,2022-03-11 20:12:38,-45.8667,-67.5,73.26,38,0,13.8
506,Ortakoy,TR,2022-03-11 20:12:39,38.7373,34.0387,21.45,92,100,10.2
507,Kathu,TH,2022-03-11 20:13:39,7.9178,98.3332,78.62,74,74,5.28
508,Tigre,AR,2022-03-11 20:13:40,-34.426,-58.5796,74.26,47,40,12.66
509,Tefe,BR,2022-03-11 20:13:40,-3.3542,-64.7114,89.71,66,20,3.44
510,Ous,RU,2022-03-11 20:13:41,60.9058,61.5186,0.36,94,72,8.05
511,Kisaran,ID,2022-03-11 20:13:41,2.9845,99.6158,73.72,97,41,3.38
512,Port Augusta,AU,2022-03-11 20:13:42,-32.5,137.7667,65.25,33,82,5.91
513,Hakkari,TR,2022-03-11 20:13:42,37.5833,44.1667,22.3,95,97,9.78
514,Lahij,YE,2022-03-11 20:13:43,13.1667,44.5833,70.99,67,100,4.05
515,Kavaratti,IN,2022-03-11 20:13:43,10.5669,72.642,81.88,75,0,8.46
516,Kieta,PG,2022-03-11 20:13:43,-6.2167,155.6333,77.23,75,11,1.45
517,Zakan-Yurt,RU,2022-03-11 20:13:44,43.2597,45.4206,29.91,93,100,5.19
518,Pacific Grove,US,2022-03-11 20:13:44,36.6177,-121.9166,71.58,34,0,5.75
519,Hachinohe,JP,2022-03-11 20:13:45,40.5,141.5,38.12,83,56,10.31
520,Sibolga,ID,2022-03-11 20:13:45,1.7427,98.7792,76.28,85,20,3.15
521,Seymchan,RU,2022-03-11 20:13:46,62.8833,152.4333,-12.17,100,81,1.54
522,Stephenville Crossing,CA,2022-03-11 20:13:46,48.5,-58.4318,29.21,73,96,13.76
523,Tooele,US,2022-03-11 20:13:47,40.5308,-112.2983,35.42,51,0,3.44
524,Calderitas,MX,2022-03-11 20:13:47,18.55,-88.25,86.11,66,40,14.97
525,Takoradi,GH,2022-03-11 20:13:47,4.8845,-1.7554,81.88,80,78,7.7
526,Todos Santos,MX,2022-03-11 20:13:48,23.45,-110.2167,76.44,33,3,5.1
527,Santa Vitoria Do Palmar,BR,2022-03-11 20:13:48,-33.5189,-53.3681,69.76,53,43,13.13
528,Boende,CD,2022-03-11 20:13:49,-0.2167,20.8667,71.29,96,68,1.28
529,Byron Bay,AU,2022-03-11 20:13:49,-28.65,153.6167,63.95,81,98,8.88
530,Bontang,ID,2022-03-11 20:13:50,0.1333,117.5,78.69,83,94,2.21
531,Colorines,MX,2022-03-11 20:13:51,19.2,-100.1667,79.3,14,19,9.1
532,Joutseno,FI,2022-03-11 20:13:51,61.118,28.5076,32.05,87,99,5.32
533,Santa Cruz,BO,2022-03-11 20:13:51,-17.8,-63.1667,68.79,88,100,13.56
534,Bahia Blanca,AR,2022-03-11 20:10:08,-38.7196,-62.2724,73.38,29,0,5.77
535,San Patricio,US,2022-03-11 20:13:52,28.017,-97.5169,62.69,78,100,21.65
536,Parati,BR,2022-03-11 20:13:00,-23.2178,-44.7131,80.91,77,99,0.92
537,Rognedino,RU,2022-03-11 20:13:53,53.8015,33.5576,16.45,92,89,5.86
538,Belmonte,BR,2022-03-11 20:13:53,-15.8631,-38.8828,81.64,71,12,7.63
539,Ust-Tsilma,RU,2022-03-11 20:13:54,65.441,52.1498,22.35,95,100,8.39
540,Onalaska,US,2022-03-11 20:13:54,43.8844,-91.2351,21.7,44,75,20.71
541,Awbari,LY,2022-03-11 20:13:55,26.5921,12.7805,56.28,26,0,9.93
542,Yulara,AU,2022-03-11 20:13:55,-25.2406,130.9889,62.44,34,0,5.75
543,Pamanukan,ID,2022-03-11 20:13:55,-6.2842,107.8106,76.5,94,100,4.63
544,Kirakira,SB,2022-03-11 20:13:56,-10.4544,161.9205,79.39,82,81,2.89
545,Namibe,AO,2022-03-11 20:13:56,-15.1961,12.1522,73.42,79,96,5.93
546,Talnakh,RU,2022-03-11 20:13:57,69.4865,88.3972,-24.9,98,77,8.25
547,Kulhudhuffushi,MV,2022-03-11 20:13:57,6.6221,73.07,82.49,67,1,2.8
548,San Marcos,US,2022-03-11 20:13:58,33.1434,-117.1661,75.49,22,0,8.99
549,Galatas,GR,2022-03-11 20:13:58,37.4962,23.4489,40.87,55,100,9.93
550,Maldonado,UY,2022-03-11 20:13:59,-34.6667,-54.9167,70.99,55,0,14.25
551,Englewood,US,2022-03-11 20:13:59,39.6478,-104.9878,37.98,31,40,5.75
552,Moose Factory,CA,2022-03-11 20:14:00,51.2585,-80.6094,22.5,75,100,8.23
553,Faya,SA,2022-03-11 20:15:00,18.3851,42.4509,59.52,62,77,2.39
554,Gizo,SB,2022-03-11 20:15:01,-8.103,156.8419,82.0,70,97,8.14
555,Lannion,FR,2022-03-11 20:15:01,48.75,-3.4167,46.94,87,75,10.36
556,Moranbah,AU,2022-03-11 20:15:02,-22.0016,148.0466,74.84,78,94,20.56
557,Sungaipenuh,ID,2022-03-11 20:15:03,-2.0833,101.3833,64.0,94,95,1.57
558,Presidencia Roque Saenz Pena,AR,2022-03-11 20:15:04,-26.7852,-60.4388,78.17,58,98,8.05
559,Makurdi,NG,2022-03-11 20:15:05,7.7411,8.5121,92.84,34,23,6.46
560,Kalianget,ID,2022-03-11 20:15:05,-7.05,113.9333,79.7,84,99,4.9
561,Atikokan,CA,2022-03-11 20:15:06,48.7555,-91.6216,12.31,80,100,15.35
562,Longyearbyen,SJ,2022-03-11 20:15:06,78.2186,15.6401,13.84,67,0,0.0
563,Los Llanos De Aridane,ES,2022-03-11 20:15:07,28.6585,-17.9182,62.35,89,75,12.66
564,Staraya Kulatka,RU,2022-03-11 20:15:07,52.7167,47.6167,7.11,97,99,8.32
565,Balotra,IN,2022-03-11 20:15:08,25.8333,72.2333,76.96,19,0,4.63
566,Khani,GE,2022-03-11 20:12:37,41.9563,42.9566,27.97,99,100,5.19
567,Jinchang,CN,2022-03-11 20:15:08,38.4953,102.1739,43.61,34,0,7.56
568,Buchanan,LR,2022-03-11 20:15:09,5.8808,-10.0467,80.4,84,89,6.82
569,Fallon,US,2022-03-11 20:15:09,39.4735,-118.7774,49.44,12,40,3.44
570,Shibetsu,JP,2022-03-11 20:15:10,43.659,145.132,31.51,94,77,3.51
571,Maragogi,BR,2022-03-11 20:15:10,-9.0122,-35.2225,81.59,68,57,7.9
572,Katangli,RU,2022-03-11 20:15:11,51.7102,143.2326,15.1,88,100,6.82
573,Okha,RU,2022-03-11 20:15:11,53.5739,142.9478,10.83,96,100,7.11
574,Methoni,GR,2022-03-11 20:15:11,36.8197,21.7049,45.21,87,85,11.95
575,Marabba,SD,2022-03-11 20:15:12,12.35,32.1833,85.35,17,98,17.52
576,Shirokiy,RU,2022-03-11 20:15:12,49.758,129.523,3.79,98,25,5.86
577,Musson,BE,2022-03-11 20:15:13,49.5833,5.7,51.15,46,100,12.33
578,Halifax,CA,2022-03-11 20:11:32,44.6453,-63.5724,43.7,77,99,11.01
579,Troitsko-Pechorsk,RU,2022-03-11 20:15:14,62.7084,56.1964,11.57,91,100,10.38
580,Maba,CN,2022-03-11 20:15:14,24.6841,113.5984,71.04,71,100,3.09
581,Ouargaye,BF,2022-03-11 20:15:15,11.5033,0.0572,94.23,9,89,4.47
